n_components,explained_variance,X_shape
10,0.12455257949612847,"(501, 10)"
20,0.20143629726161863,"(501, 20)"
30,0.27850483810542837,"(501, 30)"
40,0.3554821852786333,"(501, 40)"
50,0.43229939615109125,"(501, 50)"
60,0.5087873970606067,"(501, 60)"
70,0.5853281009341914,"(501, 70)"
80,0.6618808941248531,"(501, 80)"
90,0.73849050516624,"(501, 90)"
100,0.8149693877045945,"(501, 100)"
110,0.8914385148465352,"(501, 110)"
120,0.9678388022625792,"(501, 120)"
130,0.999999999999997,"(501, 130)"
