Model,Average R²,Average MSE,Training Time (s)
CNN,0.3110780785640326,5.523588596528266,10.447119951248169
LSTM,-0.00913997063680443,9.11511375101612,26.147305011749268
GRU,0.0700907939867751,8.373352086235661,40.01577019691467
Ensemble,0.20169083480315075,6.997331733901335,N/A
