Model,Average R²,Average MSE
cnn,0.3110780785640326,5.523588596528266
lstm,-0.00913997063680443,9.11511375101612
gru,0.0700907939867751,8.373352086235661
ensemble,0.20169083480315075,6.997331733901335
