Model,Avg_R2,Avg_MSE,Training_Time(s)
Random Forest,0.3268577679040525,177.55452714651875,10.787955045700073
XGBoost,0.08581562863602984,160.13576119533153,8.138335943222046
Ensemble,0.243239856618312,166.18100433266767,N/A
