Model,Average R²,Average MSE
cnn,-0.018623563731566647,9.213984370411454
lstm,-0.01595109255009365,9.187237522734794
gru,-0.014210429904059524,9.174556144031309
ensemble,-0.012065552384244888,9.17710684428959
