Model,Average R²,Average MSE,Training Time (s)
CNN,-0.018623563731566647,9.213984370411454,1.847409963607788
LSTM,-0.01595109255009365,9.187237522734794,9.6130530834198
GRU,-0.014210429904059524,9.174556144031309,6.986205101013184
Ensemble,-0.012065552384244888,9.17710684428959,N/A
